[
    {
        "model": "configurations.state",
        "pk": 39,
        "fields": {
            "name": "learning",
            "virtual_name": "learning",
            "config": {
                "aws": {
                    "region": "ap-southeast-1",
                    "access_key_id": "AKIAIYCL4KWIY3K2CQ3Q",
                    "secret_access_key": "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"
                },
                "mule": {
                    "client_id": "7d54f79fb17946678775205aab308619",
                    "client_secret": "530d2e1111174443BFB01891E40BD091"
                },
                "ag_service": {
                    "runtime_endpoint": "https://api-v1-service.c1-alpha-tiscogroup.com/public/accessgovern-v1-service/sep-ags",
                    "management_endpoint": "https://api-v1-service.c1-alpha-tiscogroup.com/public/accessgovern-v1-app/mgt-ags"
                },
                "service_account": "00u6ilmd4qVBUfkMC0h7",
                "launcher_service": {
                    "endpoint": "https://launcher-v7-state1-app.c1-alpha-tiscogroup.com/api"
                },
                "metadata_service": {
                    "endpoint": "https://api-v1-service.c1-alpha-tiscogroup.com/public/data-v3-service/dep-api/GetMetaData"
                },
                "notification_service": {
                    "endpoint": "https://api-v1-service.c1-alpha-tiscogroup.com/public/notification-v2-service/sep-notification"
                }
            }
        }
    },
    {
        "model": "configurations.state",
        "pk": 40,
        "fields": {
            "name": "test_custom_instance",
            "virtual_name": "test_custom_instance",
            "config": {
                "aws": {
                    "region": "ap-southeast-1",
                    "access_key_id": "AKIAIYCL4KWIY3K2CQ3Q",
                    "secret_access_key": "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"
                },
                "mule": {
                    "client_id": "7d54f79fb17946678775205aab308619",
                    "client_secret": "530d2e1111174443BFB01891E40BD091"
                },
                "ag_service": {
                    "runtime_endpoint": "https://api-v1-service.c1-alpha-tiscogroup.com/public/accessgovern-v1-service/sep-ags",
                    "management_endpoint": "https://api-v1-service.c1-alpha-tiscogroup.com/public/accessgovern-v1-app/mgt-ags"
                },
                "service_account": "00u6ilmd4qVBUfkMC0h7",
                "launcher_service": {
                    "endpoint": "https://launcher-v4-ch1-app.c1-alpha-tiscogroup.com/api"
                },
                "metadata_service": {
                    "endpoint": "https://api-v1-service.c1-alpha-tiscogroup.com/public/data-v3-service/dep-api/GetMetaData"
                },
                "notification_service": {
                    "endpoint": "https://api-v1-service.c1-alpha-tiscogroup.com/public/notification-v2-service/sep-notification"
                }
            }
        }
    },
    {
        "model": "configurations.substate",
        "pk": 42,
        "fields": {
            "name": "state2 (channelState1)",
            "virtual_name": "",
            "state": 39,
            "is_default": true,
            "is_advisor": false,
            "is_pre_production": false,
            "is_production": false,
            "need_authorized_ticket": false,
            "has_shelf": true,
            "next_sub_state_ids": "[\"43\"]"
        }
    },
    {
        "model": "configurations.substate",
        "pk": 43,
        "fields": {
            "name": "state3 (channelState2)",
            "virtual_name": "state1",
            "state": 39,
            "is_default": false,
            "is_advisor": false,
            "is_pre_production": false,
            "is_production": false,
            "need_authorized_ticket": true,
            "has_shelf": false,
            "next_sub_state_ids": "[]"
        }
    },
    {
        "model": "configurations.instanceenvironmentvariable",
        "pk": 7,
        "fields": {
            "state": 39,
            "config": {
                "aws": {
                    "region": "ap-southeast-1",
                    "access_key_id": "AKIAIYCL4KWIY3K2CQ3Q",
                    "secret_access_key": "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"
                },
                "mule": {
                    "client_id": "7d54f79fb17946678775205aab308619",
                    "client_secret": "530d2e1111174443BFB01891E40BD091"
                },
                "redis_url": "ui-cache.c1-alpha-tiscogroup.com",
                "service_account": "00u6ilmd4qVBUfkMC0h7",
                "launcher_service": {
                    "endpoint": "https://launcher-v7-state1-app.c1-alpha-tiscogroup.com/api"
                }
            }
        }
    },
    {
        "model": "configurations.instancedeploymentspecification",
        "pk": 10,
        "fields": {
            "sub_state": 42,
            "config": {
                "notification": {
                    "recipients": [
                        "tanasit@tisco.co.th"
                    ],
                    "carbon_copy": [
                        "tanasit@tisco.co.th"
                    ],
                    "template_id": "xxxx",
                    "blind_carbon_copy": [
                        "tanasit@tisco.co.th"
                    ],
                    "warning_threshold": 50,
                    "critical_threshold": 20
                },
                "load_balances": [
                    {
                        "url": "https://node-v7-state1-lb01.c1-alpha-tiscogroup.com",
                        "name": "node-v7-state1-lb01",
                        "nodes": [
                            {
                                "name": "node-v7-state1-lb01-tg1",
                                "port": "80",
                                "context_path": "tg1",
                                "limit_instance": 120,
                                "create_datetime": 1591256401312
                            }
                        ]
                    }
                ],
                "deployment_app": "node-v51-state1-app",
                "package_bucket": "tisco.alpha.composer.state1",
                "service_role_arn": "arn:aws:iam::935529356946:role/Alpha-CodeDeploy-Service-Role",
                "package_name_prefix": "mbs/deployment"
            }
        }
    }
]