{
	"info": {
		"_postman_id": "3c97d38a-ff05-40fc-a872-55eedd5df8d5",
		"name": "test-launcher-v7",
		"description": "test-launcher-v7",
		"schema": "https://schema.getpostman.com/json/collection/v2.1.0/collection.json"
	},
	"item": [
		{
			"name": "healthcheck",
			"request": {
				"method": "GET",
				"header": [],
				"body": {
					"mode": "raw",
					"raw": ""
				},
				"url": {
					"raw": "{{protocol}}://{{url}}:{{port}}/App-HealthCheck",
					"protocol": "{{protocol}}",
					"host": [
						"{{url}}"
					],
					"port": "{{port}}",
					"path": [
						"App-HealthCheck"
					]
				}
			},
			"response": []
		}
	]
}
