{
	"id": "e186e1cf-baeb-4edf-a102-56c950f426ad",
	"name": "launcherv7app",
	"values": [
		{
			"key": "protocol",
			"value": "https",
			"type": "text",
			"description": "",
			"enabled": true
		},
		{
			"key": "port",
			"value": "8443",
			"type": "text",
			"description": "",
			"enabled": true
		},
		{
			"key": "url",
			"value": "",
			"type": "text",
			"description": "",
			"enabled": true
		}
	],
	"_postman_variable_scope": "environment",
	"_postman_exported_at": "2019-09-13T05:22:24.816Z",
	"_postman_exported_using": "Postman/6.7.4"
}
